{"0.01": 4.870340319148655, "0.02": 3.91331321363129, "0.03": 2.8344588436722105, "0.04": 2.6454828440977547, "0.05": 2.598241957714519, "0.060000000000000005": 2.6442000383784823, "0.06999999999999999": 2.767418859362057, "0.08": 2.9795895931925584, "0.09": 3.1108219818278178}