{"0.001": 2.5835422187323585, "0.002": 2.5479396209048994, "0.003": 2.5673216440651143, "0.004": 2.54382872125531, "0.005": 2.5732765794993884, "0.006": 2.561222839395819, "0.007": 2.5541182432153975, "0.008": 2.5592958865221203, "0.009000000000000001": 2.579725540640433}